row,column_a,column_o_cell,source_media,output_png,width,height
2,American Tondo,O2,xl/media/image1.jpeg,American Tondo.png,369,392
3,Apogee,O3,xl/media/image2.jpeg,Apogee.png,1200,802
4,Autumn Wings Large,O4,xl/media/image3.jpeg,Autumn Wings Large.png,1000,1000
5,Bayhorse Gold,O5,xl/media/image4.jpeg,Bayhorse Gold.png,300,200
6,Benchmark,O6,xl/media/image5.jpeg,Benchmark.png,300,300
7,Mini Mac N Cheese,O7,xl/media/image6.jpeg,Betsy.png,863,685
8,Bisbee Gold,O8,xl/media/image7.jpeg,Bisbee Gold.png,300,200
9,Blanco,O9,xl/media/image8.jpeg,Blanco.png,300,200
10,Blaze,O10,xl/media/image9.jpeg,Blaze.png,225,225
11,teal,O11,xl/media/image10.jpeg,Blue Delight.png,300,300
12,Blue,O12,xl/media/image11.jpeg,Blue Eyes.png,800,534
13,Bodie,O13,xl/media/image12.jpeg,Bodie.png,300,200
15,Carbondo Gold,O15,xl/media/image14.jpeg,Carbondo Gold.png,300,200
16,Mini White,O16,xl/media/image15.jpeg,Casperita.png,300,200
17,Corn Cobb,O17,xl/media/image16.jpeg,Corn Cobb.png,800,534
18,Crisson,O18,xl/media/image17.jpeg,Crisson.png,300,200
19,Cronus,O19,xl/media/image18.png,Cronus.png,450,450
20,Cushaw Green,O20,xl/media/image19.jpeg,Cushaw Green.png,300,200
21,Cushaw Tricolor,O21,xl/media/image20.jpeg,Cushaw Tricolor.png,300,200
23,Mega Orange,O23,xl/media/image22.jpeg,Denali.png,1200,800
24,Dynasty,O24,xl/media/image23.jpeg,Dynasty.png,1200,802
25,Tall and Mighty,O25,xl/media/image24.jpeg,Early Giant.png,300,200
27,Fairytale,O27,xl/media/image26.jpeg,Fairytale.png,1600,1000
28,Fireball,O28,xl/media/image27.jpeg,Fireball.png,800,800
29,Fort Knox,O29,xl/media/image28.jpeg,Fort Knox.png,300,200
30,Ghost Town,O30,xl/media/image29.jpeg,Ghost Town.png,1280,960
31,Gizmo,O31,xl/media/image30.jpeg,Gizmo.png,300,200
33,Gold Medal,O33,xl/media/image32.jpeg,Gold Medal.png,300,200
34,Gold Standard,O34,xl/media/image33.jpeg,Gold Standard.png,300,200
35,Multicolored,O35,xl/media/image34.jpeg,Green Eggs and Ham.png,800,534
36,Griffin,O36,xl/media/image35.png,Griffin.png,600,342
37,Grizzly Bear,O37,xl/media/image36.jpeg,Grizzly Bear.png,300,200
38,HoarGarth,O38,xl/media/image37.jpeg,HoarGarth.png,800,800
39,Kettle Corn,O39,xl/media/image38.jpeg,Kettle Corn.png,800,535
40,Kratos,O40,xl/media/image39.jpeg,Kratos.png,800,800
41,Lil' Pum-ke-mon,O41,xl/media/image40.jpeg,Lil' Pum-ke-mon.png,1280,960
42,Mac n Cheese,O42,xl/media/image41.jpeg,Mac n Cheese.png,800,534
43,Marina De Chioggia,O43,xl/media/image42.jpeg,Marina De Chioggia.png,275,183
44,Mini Black,O44,xl/media/image43.jpeg,Midnight.png,300,200
45,White Stackers,O45,xl/media/image44.jpeg,Moonlight.png,950,635
47,New England Cheddar,O47,xl/media/image46.jpeg,New England Cheddar.png,300,200
48,One Too Many,O48,xl/media/image47.jpeg,One Too Many.png,800,800
49,Mini Orange,O49,xl/media/image48.png,Orangita.png,199,270
50,Phantomita,O50,xl/media/image49.png,Phantomita.png,474,474
51,Porcelain Doll,O51,xl/media/image50.jpeg,Porcelain Doll.png,800,800
52,Palm Pumpkins,O52,xl/media/image51.jpeg,Prankster.png,300,200
53,Prize Winners,O53,xl/media/image52.png,Prize Winners.png,379,270
55,Redeye,O55,xl/media/image54.jpeg,Redeye.png,300,200
56,Green,O56,xl/media/image55.jpeg,Royal Blue.png,800,534
57,Scarface,O57,xl/media/image56.jpeg,Scarface.png,300,200
59,Skidoo,O59,xl/media/image58.jpeg,Skidoo.png,300,200
60,Space Station Kabocha),O60,xl/media/image59.jpeg,Space Station Kabocha).png,300,200
61,Spark,O61,xl/media/image60.jpeg,Spark.png,300,200
62,Speckled Apple,O62,xl/media/image61.jpeg,Speckled Apple.png,259,194
63,Speckled Swan,O63,xl/media/image62.jpeg,Speckled Swan.png,300,200
65,Starfish,O65,xl/media/image64.jpeg,Starfish.png,800,534
66,Summer Sky,O66,xl/media/image65.jpeg,Summer Sky.png,800,534
67,Sunshine (Kabocha),O67,xl/media/image66.jpeg,Sunshine (Kabocha).png,300,200
68,Trophy,O68,xl/media/image67.jpeg,Trophy.png,800,534
69,Yosemite,O69,xl/media/image68.jpeg,Yosemite.png,300,200
